{"catalog" : 
[
    {
        "name" : "Яблоки",
        "weight" : 1000,
        "group" : "Фрукты",
        "coast" : 150,
        "storage_number" : 1
    },
    {
        "name" : "Картошка ранняя",
        "weight" : 5000,
        "group" : "Овощи",
        "coast" : 320,
        "storage_number" : 2
    },
    {
        "name" : "Бананы",
        "weight" : 1000,
        "group" : "Фрукты",
        "coast" : 99,
        "storage_number" : 1
    },
    {
        "name" : "Баунти мини",
        "weight" : 100,
        "group" : "Кондитерские изделия",
        "coast" : 180,
        "storage_number" : 3
    }
]   
}