<?xml version="1.0" encoding="UTF-8"?>
<catalog>
    <student>
        <all_name>
            <surname>Карпова</surname>
            <name>Анна</name>
            <lastname>Александровна</lastname>
        </all_name>
        <date_of_birth>2008</date_of_birth>
        <class>
            <class_number>8</class_number>
            <class_lit>A</class_lit>>
        </class>
        <address>
            <city>Москва</city>
            <street>Ленинский проспект, д. 2, кв. 277</street>
        </address>
    </student>
    <student>
        <all_name>
            <surname>Малышкин</surname>
            <name>Михаил</name>
            <lastname>Иванович</lastname>
        </all_name>
        <date_of_birth>2014</date_of_birth>
        <class>
            <class_number>2</class_number>
            <class_lit>Б</class_lit>>
        </class>
        <address>
            <city>Москва</city>
            <street>Ленградское шоссе, д. 10, кв. 56</street>
        </address>
    </student>
    <student>
        <all_name>
            <surname>Андреева</surname>
            <name>Алла</name>
            <lastname>Петровна</lastname>
        </all_name>
        <date_of_birth>2015</date_of_birth>
        <class>
            <class_number>1</class_number>
            <class_lit>Г</class_lit>>
        </class>
        <address>
            <city>Москва</city>
            <street>Дмитровское шоссе, д. 107, кв. 2</street>
        </address>
    </student>
</catalog>