<?xml version="1.0" encoding="UTF-8"?>
<catalog>
    <book> 
        <nazvanie>Камил видит руками</nazvanie>
        <avtor>Томаш Малковски</avtor>
        <stranitsi>146</stranitsi>
        <year>2019</year>
        <tsena>863</tsena>
    </book>
    <book> 
        <nazvanie>Вероятности и неприятности</nazvanie>
        <avtor>Сергей Самойленко</avtor>
        <stranitsi>134</stranitsi>
        <year>2022</year>
        <tsena>1055</tsena>
    </book>
    <book> 
        <nazvanie>Когда жизнь сбивает с ног</nazvanie>
        <avtor>Расс Хэррис</avtor>
        <stranitsi>80</stranitsi>
        <year>2021</year>
        <tsena>945</tsena>
    </book>
    <book> 
        <nazvanie>Цветы в темноте</nazvanie>
        <avtor>Cестра Данг Нгием</avtor>
        <stranitsi>124</stranitsi>
        <year>2020</year>
        <tsena>1027</tsena>
    </book>
    <book> 
        <nazvanie>Стратегии перемен</nazvanie>
        <avtor>Джон Коттер</avtor>
        <stranitsi>102</stranitsi>
        <year>2022</year>
        <tsena>1418</tsena>
    </book>
</catalog>
