{"user_list": [
{
    "first_name": "Иван",
    "second_name": "Иванов",
    "age": 37,
    "animation": "рыбалка, охота, футбол",
    "marital_status":"да",
    "kids":"Мария, Николай"
},
{
    "first_name": "Ольга",
    "second_name": "Фролова",
    "age": 21,
    "animation": "путешествия, вышивание",
    "marital_status":"нет",
    "kids":"______"
},
{
    "first_name": "Мария",
    "second_name": "Савкина",
    "age": 29,
    "animation": "путешествия, вышивание",
    "marital_status":"да",
    "kids":"Полина"
},
{
    "first_name": "Иван",
    "second_name": "Савкина",
    "age": 31,
    "animation": "спорт, рисование",
    "marital_status":"да",
    "kids":"Полина"
}

]
}