{
    "catalog": [
        {
            "имя": "Иван",
            "фамилия": "Иванов",
            "возраст": 37,
            "увлечения": "рыбалка, охота, футбод",
            "Женат/Замужем": "да",
            "Дети": "Мария, Николай"
        },
        {
            "имя": "Ольга",
            "фамилия": "Фролова",
            "возраст": 21,
            "увлечения": "путешествия, вышивание",
            "Женат/Замужем": "нет"
        }
    ]
}